Title,Artist,Lyrics
한숨 (BREATHE),Lee Hi (이하이), 한숨    숨을 크게 쉬어봐요 당신의 가슴 양쪽이 저리게 조금은 아파올 때까지 숨을 더 뱉어봐요 당신의 안에 남은 게 없다고 느껴질 때까지   숨이 벅차올라도 괜찮아요 아무도 그댈 탓하진 않아 가끔은 실수해도 돼 누구든 그랬으니까 괜찮다는 말 말뿐인 위로지만   누군가의 한숨 그 무거운 숨을 내가 어떻게 헤아릴 수가 있을까요 당신의 한숨 그 깊일 이해할 순 없겠지만 괜찮아요 내가 안아줄게요   숨이 벅차올라도 괜찮아요 아무도 그댈 탓하진 않아 가끔은 실수해도 돼 누구든 그랬으니까 괜찮다는 말 말뿐인 위로지만  누군가의 한숨 그 무거운 숨을 내가 어떻게 헤아릴 수가 있을까요 당신의 한숨 그 깊일 이해할 순 없겠지만 괜찮아요 내가 안아줄게요   남들 눈엔 힘 빠지는 한숨으로 보일진 몰라도 나는 알고 있죠 작은 한숨 내뱉기도 어려운 하루를 보냈단 걸 이제 다른 생각은 마요 깊이 숨을 쉬어봐요 그대로 내뱉어요   누군가의 한숨 그 무거운 숨을 내가 어떻게 헤아릴 수가 있을까요 당신의 한숨 그 깊일 이해할 순 없겠지만 괜찮아요 내가 안아줄게요   정말 수고했어요6 
내 사랑 (My Love),Lee Hi (이하이),"    늘 멀리서 지켜만봤죠 내 사랑인 것 같아서 그대 같은 마음인 줄 알았죠 다른 곳을 보았지만   바람처럼 이 먼지처럼 잡히지가 않아 보이지않아   remember love you i love you 사랑인 줄 믿었고 운명이라 불렀죠 remember love you i love you 그대 눈동자 속에 내가 살고있는데 너에게만 대답해줘요 휘청이는 날 붙잡아줘요 내 사랑 내 사랑   내 마음의 창에 내리는 눈물이 대답해주네 내게 이룰 수 없는 인연이란 잊어야만 하는 사람  멀어지는 나의 사랑을 보내줘야해요 내가 아니니  / remember love you i love you 사랑인 줄 믿었고 운명이라 불렀죠 remember love you i love you 그대 눈동자 속에 내가 살고있는데 너에게만 대답해줘요 휘청이는 날 붙잡아줘요 내 사랑 내 사랑       i always watched over you from afar because you seemed like my love i thought you felt the same way although you were looking somewhere else   like the wind, like the dust i can’t catch you, i can’t see you  remember love you i love you i believed it was love i called it destiny remember love you i love you i am living in your eyes only answer to you hold onto me when i’m swaying my love, my love   the tears that fall down the window of my heart they answer me you’re someone who i can’t have a person i have to forget   my love is getting farther away i need to let you go because it’s not me  / remember love you i love you i believed it was love i called it destiny remember love you i love you i am living in your eyes only answer to you hold onto me when i’m swaying my love, my love romanized neul meolliseo jikyeomanbwatjyo nae sarangin geot gataseo geudae  geudae gateun maeumin jul aratjyo dareun goseul boatjiman  baramcheoreom i meonjicheoreom japijiga ana jiana  remember love you i love you sarangin jul mideotgo unmyeongira bulleotjyo  remember love you i love you geudae nundongja soge naega salgoinneunde  neoegeman daedapaejwoyo hwicheongineun nal butjabajwoyo  nae sarang nae sarang  nae maeumui change naerineun nunmuri daedapaejune  naege irul su eomneun inyeoniran ijeoyaman haneun saram  meoreojineun naui sarangeul bonaejwoyahaeyo naega anini  remember love you i love you sarangin jul mideotgo unmyeongira bulleotjyo  remember love you i love you geudae nundongja soge naega salgoinneunde  neoegeman daedapaejwoyo hwicheongineun nal butjabajwoyo  nae sarang nae sarang1 "
누구 없소 (NO ONE),Lee Hi (이하이),"  누구 없소 나를 붙잡아줄 님은 없소? 눈을 씻고 찾아봐도 보이지가 않는데 어디 있소 나를 데려가 줄 님은 없소? 난 더 이상 못 참겠소 내게 다가와 주오  pre  똑같은 거리 같은 달빛 속에서 oh, na, na, na 똑같은 자리 같은 잠에 들겠지 oh, na, na, na 이제는 누군갈 더하고 싶어 싶어 짙은 외로움 거두고 싶어 싶어 i don't wanna be alone anymore   ,  똑똑 누구 없소 똑똑 난 여기 있소, 똑똑 거기 누구 없소 똑똑 넌 어디 있소 대답해주오 누구 없소  post  i don’t know i don't know i don't know 대체 님은 어디에 i don’t know i don't know i don't know i don't care about shit   거기 누구 없소 이 주인 없는 그리움을 어쩌냐는 말이오 혼자인 밤은 여전히 잠들기가 아쉬워 머문 적도 없는 나의 님은 대체 어딜 그리도 급하게 가시오    누구 없소 대단히 별 볼 일 없는 나의 하루하루에는 필요해 별일 어지러운 도시와 외로운 이 현실 속에서 나를 데리고 도망가 주오 멀리 누구 없소  pre  똑같은 거리 같은 달빛 속에서 oh, na, na, na 똑같은 자리 같은 잠에 들겠지 oh, na, na, na 이제는 누군갈 더하고 싶어 싶어 짙은 외로움 거두고 싶어 싶어 i don't wanna be alone anymore   ,  똑똑 누구 없소 똑똑 난 여기 있소, 똑똑 거기 누구 없소 똑똑 넌 어디 있소 대답해주오 누구 없소 post  i don't know i don't know i don't know 대체 님은 어디에 i don’t know i don’t know i don't know i don’t care about shit    유난히 긴 밤의 허릴 베어내고 또 이불 아래 고이 모셔놓으리 기다리고 기다리던 그대가 오신 날 밤에 꺼내 드리오리다 똑똑 누구 없소  post ,  i don't know i don't know i don't know 대체 님은 어디에 똑똑, 여봐라 i don’t know i don't know i don't know i don't care about shit 똑똑, 여봐라 누구 없소 여보세요 거기 누구 여보세요 거기 누구 post ,  i don't know i don't know i don't know 누구 없소 여보세요 거기 누구 똑똑 누구 여보세요 거기 누구 똑똑 누구 없소   ,  날 미치게 할 숨 쉬게 할 들뜨게 할 똑똑 누구 없소 "
ONLY,Lee Hi (이하이)," only    be my only one 이렇게 부르고 싶은 이름 내 곁에 손을 잡고서 같이 걸어요  pre 비가 오는 밤에도 외로웠던 낮에도 그대 환한 빛깔을 내게 가득 칠해줘요 내가 더 잘할게요 이렇게 같이 있어준다면   now i believe 라랄라랄라라 부르는 노래 찾고 찾고 찾아 헤매이던 그대와 my, oh my, oh my, oh 내 사랑 be my only love my only love 걸어 걸어가는 발걸음마다 기분 좋아 꼭 둘이서 추는 춤 같아 my, oh my, oh my, oh 내 사랑 be my only love   be my only one 이제는 숨기지 않고도 말할 수 있어 그렇게나 말하고 싶던 i say, i love you, oohooh you, oohooh pre 쉬고 싶은 밤에도 바쁘던 아침에도 그대 내게 쉴 곳을 마음속에 마련해요 oh, ohoh 내가 더 잘할게요 그 맘을 내게 나눠준다면   now i believe 라랄라랄라라 부르는 노래 찾고 찾고 찾아 헤매이던 그대와 my, oh my, oh my, oh 내 사랑 be my only love   my only one 그대를 보면 기대고 싶어 가지고 싶어 이 사랑이라면 어설픈 꿈도 이뤄질 것 같은데   now i believe 걸어걸어 가는 발걸음마다 걸어가는 발걸음 기분 좋아 꼭 둘이서 추는  춤 같아 my, oh my, oh my, oh 내 사랑 내 사랑 be be my only love   라랄라랄라라, 라랄라랄라라 라랄라랄라라, 라랄라랄라라 my only one1 "
홀로 (HOLO),Lee Hi (이하이), 홀로    홀로 있는 게 가만히 있는 게 어려운 일인가요 홀로 있어도 같이 있어도 외로운 건 같아요 one day it will stop   말하는 대로 생각한 대로 되는 것 아닌가요 햇빛을 쬐고 숨 쉬어 봐도 쉽지는 않네요 one day it will stop   and i'm gonna stop cryin' stop feelin' stop thinkin' 'bout you my babe 이제 그만 울 거야 나올 거야 나를 더 아껴줄 거야 and i'm gonna stop   쟤보다 내가 나보다 쟤가 나은 게 중요한가요 수많은 날을 괴로워하다 이제 좀 알겠어요  가만히 앉아 걱정하기엔 난 너무 소중해요 들여다봐요 맘속의 민낯 그대로 괜찮아요 it's gotta stop   and i'm gonna stop cryin' stop feelin' stop thinkin' 'bout you my babe 이제 그만 울 거야 나올 거야 나를 더 아껴줄 거야 and i'm gonna stop and i'm gonna stop   홀로 있는 게 가만히 있는 게 어려운 일인가요 홀로 있어도 같이 있어도 외로운 건 같아요 one day it will stop6 
For You,Lee Hi (이하이),"  when my heart is beating for you that's when i lose my control when my heart is beating for you come close to me come close to me    when my heart is beating for you it's crazy i see nothing but you baby, my heart’s beating for you come close to me give a kiss to me    listen to me, i am the woman that you've been waiting for would you push the button that you've been looking for with just one kiss, you're gonna need it more baby, i could give you what you want    when my heart is beating for you and my mind feels baby blue baby, my heart's beating for you come close to me come close to me close to me  crush, crush   listen to me, i am the man that you've been waiting for would you push the button that you've been looking for with just one kiss, you're gonna need it more baby, i could give you what you want   crush,  when my heart is beating for you you're the only one that make me feel and my mind feels baby blue you're the only one that baby, my heart's beating for you you're the only one that make me feel come close to me come close to me when my heart is beating for you you're the only one that make me feel and my mind feels baby blue you're the only one that baby, my heart's beating for you you're the only one that make me feel come close to me come close to me close to me  crush   you're the only one that make me feel you're the only one that you're the only one that make me feel you're the only one that you're the only one that make me feel you're the only one that you're the only one that make me feel3 "
구원자 (Savior),Lee Hi (이하이)," 구원자     lala, lala, lala, lalala lala, lala, lala, lalala    넌 마치 운명처럼 함께 있음이 자연스러워 준 적도 없는 내 맘의 조각을 넌 이미 가지고 있어  pre  절망 없는 사랑 있을까 넌 날 어디로 데려가려나, yeah, yeah 정말 너는 언제까지라도 내 옆에 있어줄 수 있을까,     나의 구원자 하늘이 내려주셨나 너를 안고 슬픈 꿈을 꾸었다, ohoh 너를 본 순간 말없이 알 수 있었다 내 인생을 망칠 구원자란 걸,   post  lala, lala, lala, lalala lala, lala, lala, lalala   넌 마치 영화처럼 나를 특별하게 만들어줘 숨을 쉬는 것도 의미를 부여하게 돼 모든 아름다운 것들에 날 투영하게 돼 쓸데없이 날 살고 싶게 해,   pre  절망 없는 사랑 있을까 넌 날 어디로 데려가려나, yeah, yeah 정말 너는 언제까지라도 내 옆에 있어줄 수 있을까,     나의 구원자 하늘이 내려주셨나 너를 안고 슬픈 꿈을 꾸었다, ohoh 너를 본 순간 말없이 알 수 있었다 내 인생을 망칠 구원자란 걸,    ,    혀에 녹지 않을 단어들을 꺼내 예쁘게 포장하고 서로의 세상을 건네 모를 리 없잖아 어차피 사랑은 변해 차라리 영원을 믿는 쪽이 마음은 편해 휩쓸려 떠내려가 그곳에서 우리는 어떤 표정 지을까 과거는 희미하고 미래는 미지하잖아 그냥 달이 뜨면 둘만의 궁전으로 떠날까   나의 구원자 하늘이 내려주셨나 나의 구원자,  너를 안고 슬픈 꿈을 꾸었다, ohoh 다 너를 본 순간 말없이 알 수 있었다 너를 본 순간 내 인생을 망칠 구원자란 걸,     lala, lala, lala, lalala lala, lala, lala, lalala "
Special,Lee Hi (이하이)," special         heartbeat, beat, beat oohooh, oohooh, ah heartbeat, beat, beeeeat oohooh, oohooh, ah heartbeat, beat, beat oohooh, oohooh, ah heartbeat, beat, beat oohooh, oohooh, ah    사랑한 건 맞는지 그저 긴 전쟁을 한 건 아닌지 엉킨 기억에 웃다가… 운다 그 누구와의 좋았던 기억보다 너와 함께 힘들었던 시간이 더 그리워 원해서 앓고 있어  pre    사랑은 아파했던 만큼 사랑인 것이라면 넌 내게 다신 없을 사랑 이렇게 해서라도, 상처가 되어서라도 내 안에 자리 잡아줘서 고마워    you are, you are, you aare you are, you are, you aare so special to me you are, you are, you aare you are, you are, you aare so special to me   이게 이별인가봐 we died 이게 미련인가봐 사랑과 집착보다 독한 병인가봐 멍처럼 번지다가 깨끗이 사라질 것만 같던 넌 영원히 나와 함께 자라갈 깊은 흉터인가봐 내 눈물 속에 네가 숨을 쉰다면 마르지 않게 아직도 내 상처 속에 네가 꿈틀거린다면 아물지 않게 할께, 아파도 너면 돼 슬픈 기억이라도 내꺼면 돼      uh, 행복이 아니더라도, 불행이더라도 네가 내게 준 거라면 선물일테니까, 고마워 죽도록 미워도 고마워 또 사랑하고 상처 받아도 두렵지않아 너만큼 날 아프게 할 순 없으니까 no, no, no 소중한 너, 너, 너  pre    사랑은 힘들었던 만큼 사랑인 것이라면 넌 내게 다신 없을 사랑 이렇게 해서라도, 후회가 되어서라도 내 안에 남아 있어줘서 고마워     you are you are, you are, you aare so you are, you are, you aare special so special to me first you made my heart beat then you beat my heart you, you, you, you, you you are, you are, you aare you are, you are you are you aare so special to me special now you beat my heart      heartbeat, beat, beat oohooh, oohooh, ah heartbeat, beat, beeeeat oohooh, oohooh, ah heartbeat, beat, beat oohooh, oohooh, ah heartbeat, beat, beat oohooh, oohooh, ah "
"한두번  (1, 2)",Lee Hi (이하이)," 한두번 1, 2  treasure의      피곤하다며 아직 잔다던 말과 달리 너는 또 밤을 헤집고 다녀 넌 내가 진짜로 바보인 줄 아나 봐 이번엔 그냥 안 넘어가 매번 똑같은 핑계뿐 거짓 눈물도 질렸어  pre  사랑한단 말보다 미안하단 말을 더 많이 들은 것 같아 그만하자 넌 장미 없는 가시 같아    눈감아주는 것도 한두 번 한두 번 한두 번이어야지 모른 척하는 것도 한두 번 한두 번 한두 번이어야지 입만 열면 거짓말 걸리질 말던가 정도껏 좀 해라 적당히를 몰라 상처 주는 것도 한두 번 한두 번 한두 번이어야지   oh, baby 제발 오해 말아줘 no, no 속상했지 우리 자기 화 풀어 내가 백 번은 잘못했어 yeah brr don't worry 어제 i was home 적적한 날씨 텁텁한 기분에 보풀이 풍성한 이불을 뒤집어쓴 feeling 잘할게 swerving 마지막 기횔 줘 미안해 girl  난 널 두고 떠날 생각 없어 my love 누워 내 옆에서 불러줘 lullaby 어딜 가 왜 또 뿔이나 있어 나 또 미쳐  pre  사랑한단 말보다 미안하단 말을 더 많이 들은 것 같아 그만하자 넌 장미 없는 가시 같아    눈감아주는 것도 한두 번 한두 번 한두 번이어야지 모른 척하는 것도 한두 번 한두 번 한두 번이어야지 입만 열면 거짓말 걸리질 말던가 정도껏 좀 해라 적당히를 몰라 상처 주는 것도 한두 번 한두 번 한두 번이어야지   네가 나한테 물 먹일 때마다 쪽팔려 죽을 것 같아 그냥 말을 말자 내 입만 아프다 너를 만나서 단 하루도 마음이 편한 적 없고 그냥 엿 같았어    눈감아주는 것도 한두 번 한두 번 한두 번이어야지 모른 척하는 것도 한두 번 한두 번 한두 번이어야지 입만 열면 거짓말 걸리질 말던가 정도껏 좀 해라 적당히를 몰라 상처 주는 것도 한두 번 한두 번 한두 번이어야지 yeah, yeah "
Golden Slumbers,Lee Hi (이하이),"once there was a way to get back homeward once there was a way to get back home sleep, pretty darling do not cry and i will sing a lullaby  golden slumbers fill your eyes smiles await you when you rise sleep pretty darling do not cry and i will sing a lullaby  once there was a way to get back homeward once there was a way to get back home sleep, pretty darling do not cry and i will sing a lullaby "
MISSING U,Lee Hi (이하이)," missing u    다 잊혀지는 날이 오긴 오겠지? 눈을 감아도 너의 얼굴이 떠오르지 않는 그 날이 오겠지 친구들에게 네 얘길 들어도 낯선 사람인 듯이 난 고개만 끄덕이겠지   그렇게 하루하루 지나고 우린 없던 일이 돼버리고 널 사랑한 적 없는 내가 되어 살다 문득 네가 생각이 날 땐 웃고 싶어 나도 내가 지겨워 이러긴 싫은데   i'm missing you 네가 이런 날 미워해도 i'm missing you 난 널 붙잡기만 하고 시간이 흐르고 눈물이 흘러도 왜 내 마음은 고여 있는지 아직은 너에게 추억이 되는 게 싫어 미안해 i'm missin' you, ohohohoh  다 잊혀지면 나도 너처럼 되겠지 언젠가는 아무렇지 않게 너의 이름을 부르고 안부를 묻게 되겠지 잘 지낸다는 말에 숨이 멎지 않고 눈물이 흐르지 않을 텐데 그게 안 돼   i'm missing you 네가 이런 날 미워해도 i'm missing you 난 널 붙잡기만 하고 시간이 흐르고 눈물이 흘러도 왜 내 마음은 고여 있는지 아직은 너에게 추억이 되는 게 싫어 이해해 i'm missing you   널 지우면 나도 지워질까 봐 실 같은 기억 하나라도 놓치면 모든 게 끊어질까 봐 이렇게 매달리는데 넌 내 작은 미련도 무거웠니 이미 놓아버렸니 돌아와 줘  i'm missing you 네가 이런 날 미워해도 i'm missing you 난 널 붙잡기만 하고 시간이 흐르고 눈물이 흘러도 왜 내 마음은 고여 있는지 아직은 너에게 추억이 되는 게 싫어 미안해 i'm missing you   오늘만 이럴게 너를 잊을게 i'm missing you "
Rose,Lee Hi (이하이)," rose    내 사랑은 새파란 rose 지금은 아름답겠지만 날카로운 가시로 널 아프게 할걸 내 사랑은 새빨간 rose 그래 난 향기롭겠지만 가까이 할수록 널 다치게 할걸   그런 가벼운 눈빛으로 날 쳐다보지 말아 줘요 함부로 사랑을 쉽게 얘기하지 마 no 내 맘을 갖고 싶다면 내 아픔도 가져야 해요 언젠가 반드시 가시에 찔릴 테니까 no  pre 날 너무 믿지마 넌 날 아직 잘 몰라 so just run away, run away i said, ohohoh i said, ohohoh 날 사랑하지 마 넌 날 아직 잘 몰라 i said, run away, just run away 다가오지 마  내 사랑은 새파란 rose 지금은 아름답겠지만 날카로운 가시로 널 아프게 할걸 내 사랑은 새빨간 rose 그래 난 향기롭겠지만 가까이 할수록 널 다치게 할걸   자신감에 찬 니 모습이 내 눈엔 그저 안쓰러워 날 향한 씩씩한 발걸음이 오늘따라 초라해 보여 감정, 사치가 내겐 사랑, 집착 best friend so run away, just run away 'cause you and i must come to an end  interlude every rose has its thorn every rose has its thorn every rose has its thorn m, mmm  pre 날 너무 믿지마 넌 날 아직 잘 몰라 so just run away, run away i said, ohohoh i said, ohohoh 날 사랑하지 마 넌 날 아직 잘 몰라 i said, run away, just run away 다가오지 마  내 사랑은 새파란 rose 지금은 아름답겠지만 날카로운 가시로 널 아프게 할걸 내 사랑은 새빨간 rose 그래 난 향기롭겠지만 가까이 할수록 널 다치게 할걸 don't wanna hurt you2 "
No Way,Lee Hi (이하이),"  oh no oh oh no oh oh ahh oh no no no, no no    발끝까지 닿은 어둠이 익숙해질 때면 붉게 물든 내 맘은 또 너를 그려내고 너의 곁에 닿은 모든 게 어지러워져 별이 쏟아지던 밤 your love makes me wonder  pre  boy, i've been dreamin' bout ya 온종일 thinkin bout ya 눈 뜨면 어김없이 스며드는 너의 목소리에 how should i say, my love? 기다려도 without ya 시간은 자꾸 멈춰 꿈속에서 너는 더 선명해지는 걸 baby, i’ll be right here   i just wanna dance with you forever 멀어지지 마 더 never there’s no way there’s no way 네게만 느낄 수 있는 sweetest fantasy 어떤 누구도 no baby there’s no way there’s no way there’s no way  interlude   g. soul   g.soul 어젯밤의 꿈처럼 난 so emotional 아침이 밝아와도 머물러 있는 네 이름 아무렇지도 않게 넌 runnin’ through my mind 더는 멈추지 마 baby 매일 너를 원해   g.soul i just wanna dance with you forever i just wanna dance with you forever 멀어지지 마 더 never ey, never there’s no way there’s no way no way 네게만 느낄 수 있는 sweetest fantasy 어떤 누구도 no baby there’s no way there is no way there’s no way there’s no way  , both 거짓말처럼 you got me oh no 너를 몰랐던 시간이 no no no 이젠 nothin' without you 네게 입 맞추고 oh no 내 맘속엔 아직도 보여줄 게 많은 걸 이렇게 너를 안으면 ‘till the night is gone 더 이상은 두렵지 않아   , g. soul, both i just wanna dance with you forever i just wanna dance with you forever 멀어지지 마 더 never oh no no no there’s no way baby there’s no way no way 네게만 느낄 수 있는 sweetest fantasy 어떤 누구도 no baby no nobody, no baby there’s no way no baby there’s no way no baby there’s no way   , g. soul, both 멀어지지 마 더 never oh baby hey hey no no no baby no baby no1 "
희망고문 (Blues),Lee Hi (이하이)," 희망고문    아무 생각 없이 건넨듯한 한마디에 밤새 생각에 잠겨 i think i'm going crazy 술김에 한 안부 인사뿐일까 답을 한참 적다가 지운다 그댄 날 참 쉽게도 지웠지만   망상일까 요즘은 그대 사진들 속에 나만 알아볼 수 있는 쓸쓸함이 보여 아냐 이럼 안되는 거지 내가 이러길 바라겠지 언제나 닿을 수 없는 곳에서만 손 내미는 너   그대여 내게 돌아와 줄 수 없다면 돌아봐도 안 돼요 baby, i will try to let you go 그대여 나는 죽어도 안 되겠다면 차라리 날 숨 쉬게 하지도 마요 아직도 난 그대 안에  마주칠까봐 애써 나를 피하던 니가 요즘 따라 왜 어딜 가도 보이는 걸까 우연을 엮어 운명을 만들고 희망고문인 걸 알면서도 여전히 닿을 수 없는 너에게 손을 내미는 나   그대여 내게 돌아와 줄 수 없다면 돌아봐도 안 돼요 baby, i will try to let you go 그대여 나는 죽어도 안 되겠다면 차라리 날 숨 쉬게 하지도 마요 아직도 난 그대 안에 사는데   그댄 내가 없어도 잘 살 수 있으면서 왜 날 이렇게 괴롭히고 미치게 만드나요, baby please let me go don't you know i'm dying? oh, god 날 놓아줄 수 없다면 내게 돌아와요  그대여 내게 돌아와 줄 수 없다면 돌아봐도 안 돼요 baby, i will try to let you go 그대여 나는 죽어도 안 되겠다면 차라리 날 숨 쉬게 하지도 마요 아직도 난 그대 안에 살아요 "
손잡아 줘요 (Hold My Hand),Lee Hi (이하이)," 손잡아 줘요    let me hold your hand again, and again and again i want you to come back i want you to love me again   나의 손을 잡던 그대의 손길이 얼마나 따뜻했는지 다시 알 수 있게 한 번만 더 손잡아 줘요 온기를 느끼게 해줘요 바람이 불어서 차갑단 말이예요   let me hold your hand again and again and again i want you to come back i want you to love me again   나를 안아주던 그대의 품속이 얼마나 따뜻했는지 다시 알고 싶죠 마지막 그날 밤 작별 인사하고 돌아서서 서 있는데 차가운 눈물만 한 번만 더 날 안아줘요 사랑을 느끼게 해줘요 마음이 비어서 차갑단 말이예요  let me hold your hand again, and again and again i want you to come back i want you to love me again, again   i said, one, two, three, you 오늘도 한 발자국 돌아와 달라고 you one, two, three, you 오늘도 한 발자국 ohohohoh four, five, six   let me hold your hand again, and again and again i want you to come back i want you to love me again, again   그대 없인 너무 춥단 말이예요 그댄 참 따듯했단 말이예요 이대로 끝나면 난 안된단 말이예요   let me hold your hand again, and again and again i want you to come back i want you to love me again, again, again "
빤간 립스틱 (Red Lipstick),Lee Hi (이하이)," 빤간 립스틱       mwah!    오늘 밤은 이 분위기에 취해 아무런 생각 없이 groove it,  고민하지 마 just do it move your body like that 비틀거리면 어때 i like that, yeah  pre  let me blow your mind 지루한 사람들 속 넌 마치 friday night so take my hand, 내 맘을 흔들어봐   , yoon mirae 빨간 립스틱 진하게 바르고 so dance, dance, dance, keep on dance, dance, dance, people 빨간 립스틱 너 때문에 번져도 just dance, dance, dance, keep on yeah dance, dance, dance, people  yoon mirae 나와 나만의 baby boo, 사랑은 forever 누구도 방해할 수 없지 stop it, they could never but never mind that, 지금 rewind that 이 노래처럼 다시 한 번 더 play back spin me round and round, 몸을 up and down 이 밤이 지나가기 전에 do it right now 이 분위기 그대로 turn the music up 'cause the party ain't a party 'til we all turnt up  pre  gonna lose your mind 꺼지지 않는 불빛 속에 서울의 밤 so take my hand 네 몸을 흔들어봐    빨간 립스틱 진하게 바르고 so dance, dance, dancе, keep on dance, dance, dance, pеople 빨간 립스틱 너 때문에 번져도 just dance, dance, dance, keep on dance, dance, dance, people    이 밤이 지나가기 전에 do it right now 느낌이 와 너와 나 사이 something so loud 그 입술로 내게 사랑한다고 말해, oh, baby   빨간 립스틱 진하게 바르고 so dance, dance, dance, keep on dance, dance, dance, people 빨간 립스틱 너 때문에 번져도 just dance, dance, dance, keep on dance, dance, dance, people  post yoon mirae,  ladidali, move your body don't stop, 우리 하나 될 때 까지 six in the morning and we still going dance, dance, dance, people yeah, ladidali, move your body don't stop, 우리 하나 될 때 까지 six in the morning and we still going dance, dance, dance, people   , yoon mirae 화려한 디스코 조명 아래서  조명 아래서 너와 나 둘이 이 밤을 새워 이 밤을 새워 화려한 디스코 빛을 받으며 빛을 받으며 yeah just dance, dance, dance, keep on uhhuh dance, dance, dance, people the party ain't a party hahaha, sigh "
스쳐 간다 (Passing By),Lee Hi (이하이)," 스쳐 간다    흔들리는 그 바람 소리가 내 맘을 흔들고 스쳐 지나간다 아플 만큼 아파도 난 얼마나 더 아파야 아무렇지 않을 수 있을까   아무 일도 아니라는 듯 넌 그렇게 날 스쳐 지나가 시간 지나 계절도 바뀌고 맘은 자꾸만 시려 오는데 나 혼자선 차가워지질 못하나 봐 넌 오늘도 날 스쳐 간다 스쳐 간다   날카로운 칼에 베이듯, 그렇게 넌 날 스쳐 지나간다 흐르는 이 눈물을 또 얼마나 더 흘려야 혼자 남은 게 익숙해질까   아무 일도 아니라는 듯 넌 그렇게 날 스쳐 지나가 시간 지나 계절도 바뀌고 맘은 자꾸만 시려 오는데 나 혼자선 차가워 지질 못하나 봐 넌 오늘도 날 ohoh  나도 내 맘 잘 몰라서 널 몰랐어 너를 힘들게 해서 많이 아프게 해서 더 미안한 마음뿐, 난 고마운 마음뿐 그래 이제 날 떠나면 다신 볼 수 없지만 너를 그리고 또 그리워할게   아무 일도 아니라는 듯 넌 그렇게 날 스쳐 지나가 너와 내가 변해버린 뒤로 내 눈물은 멈추질 못해 아직도 우린 서로를 모르나 봐 넌 오늘도 날 스쳐 간다 "
20분전 (20MIN),Lee Hi (이하이)," 20분전    넌 처음부터 끝까지 안 변해 한심한 표정도 똑같은 변명도 하나부터 열까지 변한 게 없네 시간 낭비한 기분 you think you’re good but you’re not  pre 웃어준다고 너에게 빠진 건 아냐 착각 속에서 넌 늘 잘난 줄 알겠지 전부 돌려 말해 이해가 잘 안됐니 넌 거기서 거기 어 별로 재미없어   20분 전부터 또 20분 넌 그저 그런 농담만 또 반복해 20일 전부터 딱 20일 이미 끝났어 널 놓았어 don’t think of you   넌 헤어진 그녀들 얘기를 좋아해 그녀들의 맘 참 딱하기도 해 난 상상도 싫어 너 같은 애들 참 뻔뻔해 딱 일분도 견디기 질리게 하니까 pre 울렁거림은 언제쯤 멈출까 싶어 그래 아주 조금은 너에게 죄책감 들어 누구 혼자만의 잘못은 아니겠지만 내 잘못은 딱히 떠오르지 않아   20분 전부터 또 20분 넌 그저 그런 농담만 또 반복해 20일 전부터 딱 20일 이미 끝났어 널 놓았어 don’t think of you   그쯤에서 해 여기서 그만 stop 너 없이도 나 처음부터 다 너 하나만을 믿고 두 눈 감는 것도 지쳐 i’m not okay 그만둘래   20분 전부터 또 20분 da da da dadada 20일 전부터 딱 20일 이미 끝났어 널 놓았어 don’t think of you, yeah "
My Star,Lee Hi (이하이)," my star    bass   넌 나의 star 넌 나의 sun 넌 나의 moon 세상을 다 가진 느낌 i feel, i feel good i feel good when i'm with you 넌 나의 rock 넌 나의 gun 넌 나의 rose 감당이 안 돼 이 느낌 feel alright 이제 안 외로워, 나 안 외로워  pre 첫사랑 같은 내 맘은 너를 향한 춤을 추고, ohohohoh 미친 것 같은 내 눈은 한 사람만 보여 오직 you   시작한 사랑을 멈추지마 don't stop 기나긴 밤은 너와 내꺼니까 you're mine 지금 내 두 손을 잡고 never let me go tell me 너도 나와 같은 사랑한다고  넌 나의 star 넌 나의 sun 넌 나의 moon 세상을 다 가진 느낌 i feel, i feel good i feel good when i'm with you 넌 나의 poison 넌 나의 trouble, huh 넌 나의 fate 못 참겠어 oh 네 손길 feel alright 네가 너무 좋아 난 너무 좋아  pre listen, something about you 멈췄던 내 가슴을 뛰게 하고, ohohohoh 미친 것 같은 내 눈엔 한 사람만 보여 오직 you   시작한 사랑을 멈추지마 don't stop 기나긴 밤은 너와 내꺼니까 you're mine 지금 내 두 손을 잡고 never let me go tell me 너도 나와 같은 사랑한다고   어느새 난 영원을 꾸꾸던 해 but nothing is forever, i know 너 없는 날 상상할 수조차 없어 ooh, whoaoohohoh all the girls out there ooh, la, la, la, la ooh, la, la, la, la huh, all the boys sing along yeah, yeah, yeah, yeah, yeah, yeah, yeah, yeah come, on yeah, yeah, yeah, yeah, yeah, yeah, yeah, yeah  넌 나의 star 넌 나의 star 넌 나의 sun 넌 나의 moon hey 세상을 다 가진 느낌 i feel, i feel i feel good woo when i'm with you when i'm with you, i feel good 넌 나의 rock 넌 나의 rock 넌 나의 gun 넌 나의 gun 넌 나의 rose heyey 감당이 안 돼 이 느낌 feel alright 이제 안 외로워, 난 안 외로워 "
It’s over,Lee Hi (이하이)," it's over    하늘에 빛나는 저 많은 별 이제 우린 이별인가요, oh   쉽게 보지 마요 날 그렇게 네게 맘을 준 게 큰 실수였나요 흔히들 들어갈 때와 나올 때 다르다는 의미가 바로 이건가요 그대에게 짐이 됐나요 차라리 내려 놓아요  pre 니 쓸데없는 고집 입만 벌리면 거짓 언제나 니 맘대로 다 멋대로 며칠째 외로이 텅빈 길을 걷지 난 이대로 니 곁을 떠나갈래 곧 알게 될 거야 너의 잘못을 i never wanna ever see you again   들리 들리 이이이니 내 목소리 it's over, it's over so baby, goodbye 들리 들리 이이이니 이 한마디 it's over, it's over so baby, goodbye post 앞으로 두 번 다시 두 눈 가리고 울 일 없겠지 i said, i said i said i said, ohwhoaohoh   시험이 끝난 듯 홀가분해 이제와 돌아보니 난 정말 불행했네 푸른 하늘 아래 온종일 가려진 너의 그늘을 벗어나 날 찾아갈래 yeah, yeah, yeah 그대에게 짐이 됐나요 차라리 내려 놓아요 yeah, yeah, yeah  pre 니 쓸데없는 고집 입만 벌리면 거짓 언제나 니 맘대로 다 멋대로 며칠째 외로이 텅빈 길을 걷지 절대로 난 너에게 다시 돌아가지 않아 곧 알게 될 거야 너의 잘못을 i never wanna ever see you again   들리 들리 이이이니 내 목소리 it's over, it's over so baby, goodbye 들리 들리 이이이니 이 한마디 it's over, it's over so baby, goodbye post 앞으로 두 번 다시 두 눈 가리고 울 일 없겠지 i said, i said i said i said over, whoaoh   사랑이 식었다면 남 주기 아깝다고 잡지 말아요 사랑이 식었다면 남 주기 아깝다고 잡지 말아요   들리 들리 이이이니 내 목소리 it's over, it's over so baby, goodbye 들리 들리 이이이니 이 한마디 it's over, it's over so baby, goodbye  post 하늘에 빛나는 저 많은 별 이제 우린 이별인가요 "
Fxxk Wit Us,Lee Hi (이하이),"   fxxk wit us     they say 난 답이 없지 날 문제로 봐서겠지 i'm just young and free, ayay they say 난 말 안 듣지 말 같은 말부터 해야지 what you know bout me? huh?    i'm just young and free, but i be like fuck you, just pay me i'm chasin' my dreams while you lame dudes ng lazy 날 미워하기 전에 넌 네 거울부터 봐 난 내 자릴 지켜왔지 항상 겨울부터 가을 서울부터 hi lv, i be stunning 집착하며 파고들지 않아 어떤 원인이든 간에 내가 신경 쓸 건 없지 i'm just doin' my work 날 향한 말들도 어차피 모두 어깨 위 dirt, let's get it    세상은 이렇게 너와 날 등졌지만 everything's gon' be okay 'cause nothing can fuck with us 다 참 시끄럽게 입을 놀려대지만 don't need to be afraid 'cause nothing can fuck with us   they say 내가 미쳤대 it's okay 다 미쳤는데 나는 왜 안돼? ayay they say 잘 봐라 절대 넌 안돼 난 되고 싶은 게 나 밖에 없는데    never, i don't wanna be the same lame 나도 네가 될 수 없고 너도 내가 될 수 없듯 so just do the damn thang 어제는 어제 오늘은 오늘 내일은 내일 해가 뜰 테니까 미리 걱정 마 때이르게 누가 결정해 내 가치를 어디까지나 내 자신 내가 아닌 이는 닥쳐 나는 알아 나의 앞이 잠시 흐릴 때도 그저 단지 안개라는 것을 either it's raining or shining, i'm always on my hustle one hunnid    세상은 이렇게 너와 날 등졌지만 everything's gon' be okay 'cause nothing can fuck with us 다 참 시끄럽게 입을 놀려대지만 don't need to be afraid 'cause nothing can fuck with us   all i need is you, baby, fuck the world as long as you're my man, baby, i'm your girl all i need is you, baby, fuck the world as long as you're my man, baby, i'm your girl and nothing can fuck with us    세상은 이렇게 너와 날 등졌지만 everything's gon' be okay 'cause nothing can fuck with us 다 참 시끄럽게 입을 놀려대지만 don't need to be afraid 'cause nothing can fuck with us "
"1, 2, 3, 4",Lee Hi (이하이)," 1, 2, 3, 4    hey! come on now i said, one, two, three   아직도 내가 니 거라는 착각은 그만 예전의 그때 내가 아냐 아침이 밝는 소리에 꽃은 저만치 폈는데 여전히 정신 못 차려 왜   i'm sick and tired 너의 위선에 어설픈 liar, ooh 이제 좀 꺼져줄래 i think i'm going, going crazy, ooh ooh i think i'm going, going crazy, ooh ooh  pre 더 비참하게 굴지는 마 사라져줘 저 멀리 no, no na, na, na, na, na, na 구차하게 울지는 마 다 잊어줘 영원히 no, no listen, 남 걱정하지 말고 너나 잘 해 니 그런 동정 따윈 필요 없어 uh  i said, one, and two, and three, four, ooh 시간이 모든걸 해결할거야 one, and two, and three, four, ooh game over, game over, ooh game over   나 같은 여자 어딜 가도 눈 씻고 봐도 보기 드무네 때로는 섹시 때론 청순함에 남자들은 울고 가네 유치하게   i'm sick and tired 너의 위선에 어설픈 liar, ooh 제발 좀 꺼져줄래 i think i'm going, going crazy, ooh ooh i think i'm going, going crazy, ooh ooh  pre 더 비참하게 굴지는 마 사라져줘 저 멀리 no, no na, na, na, na, na, na 구차하게 울지는 마 다 잊어줘 영원히 no, no listen, 남 걱정하지 말고 너나 잘 해 니 그런 동정 따윈 필요 없어 uh  i said, one, and two, and three, four, ooh 시간이 모든걸 해결할거야 one, and two, and three, four, ooh game over, game over, ooh game over   너무나 아파 벌써 잊었나 봐 hey, baby 떠나가줘   i said, one, and two, and three, four, ooh 시간이 모든걸 해결할거야 one, and two, and three, four, ooh game over, game over, ooh game over   one, and two, and three, four i said, no, no one, and two, and three, four i said, nono, no one, and two, and three, four uhhuh, uhhuh game over it's over, game over it's over, ooh game over "
Love Is Over,Lee Hi (이하이), love is over    아무리 얼굴을 화장으로 가려도 내 기분이 가려지지 않아 네가 좋아했던 긴 머리는 쉽게 잘라도 마음을 접는 건 참 어려워  pre 사람들은 말을 해 시간만이 답이래 그 말만 몇 년째고 난 여전히 똑같아 내 전화 깊은 곳에 웃고 있는 널 보며 잠들곤 해   love is over 그칠 것 같던 눈물이 멈추지 않아 어제처럼 오늘도 love is over 널 오래전 보내놓고 아직 너와 헤어지는 중   좋았던 기억들이 너무나 많아서 버려봐도 내 맘만 무겁고 쓸데없이 옷장 속을 가득 채워도 허전한 가슴은 텅 빈 듯해 pre 다른 남자 앞에서 억지로 웃어봐도 너만 더 생각나고 너와 함께 알았던 친군 다 피해봐도 가끔 네 소식이 들리곤 해   love is over 그칠 것 같던 눈물이 멈추지 않아 어제처럼 오늘도 love is over 널 오래전 보내놓고 아직 너와 헤어지는 중   내가 바보 같을 거야 이미 날 다 잊은 네 눈엔 쉽게 딴 사랑 시작했겠지 딴 여자 머릴 쓰다듬겠지 여지껏 너를 정리 못한 나를 모른 채   돌아서면 저 멀리 날 반기며 손 흔들 것 같아 내 이름을 부르며 헤어졌던 널 오래전 보내놓고 아직 너와 사랑하는 중 post la la la la la la la la la la la 아직 너와 헤어지는 중 la la la la la la la la la la la 아직 너와 헤어지는 중 
안봐도 비디오 (Video),Lee Hi (이하이)," 안봐도 비디오     할 말을 잃어버린 듯 혼자서 방황하는 눈 안봐도 비디오 오 뻔하지 뭐 다시 또 빌고 빌 모습 나를 또 뜯어말릴 친구들의 말들 안봐도 비디오 오 이제는 헛웃음만 나와 baby    i'm sorry no, baby i'm sorry 내가 미안해 그만 미안해도 돼 i'm out of this game 난 그만할래    왜인지 뜸하던 네 phone call 하나둘 맞춰지는 퍼즐처럼 안봐도 비디오 오 뻔하지 뭐   혹시나 하니 역시나 밤마다 걸려오는 전화를 시시콜콜한 변명을 듣기 싫어 난 지쳤어 no more 니가 울며불며 떼써도 죽겠다 밥을 걸러도 이젠 웃기지도 않아   bobby 밝은 미소 그 아름다움 땜에 계속 보고 있자니 눈이 멀었어 잠깐 너는 그녀들과의 저울질에도 항상 무거워서 가벼움을 원했었나 봐 모든 남잔 새로운 길을 반갑게 생각하지 매일 밤이 똑같았으니까 you only missin' home when you hit the road yeah, you only know when you let her go that you're still in love with her 지겹게 반복됐던 우리 사투 whoaoh 그녀들과는 우리 반의반도 whoaoh 안되더라 왠지 너가 자꾸 모든 면에서 우월하더라 한 수 잠시 외출 그 뒤에 안 건 soulmate 이 있다면 너가 나의 짝꿍 이미 늦었다면 내가 기다릴게 처음 너를 만났었을 때 그대로 yeah   i'm sorry no, baby i'm sorry 내가 미안해 그만 미안해도 돼 i'm out of this game 난 그만할래    끝없이 반복되는 실수 벽보고 소리치는 기분 이젠 더 기다릴 수가 없어 난 빼줘 이 멍청한 게임에서    i'm sorry no, baby i'm sorry 내가 미안해 그만 미안해도 돼 i'm out of this game 난 그만할래 할래 i'm sorry oohooh no, baby i'm sorry i'm sorry 내가 미안해 내가 미안해 그만 미안해도 돼 미안해도 돼 i'm out of this game 난 그만할래 "
Official,Lee Hi (이하이)," official     ooh, baby, if only you only you knew you make me run to you run to you, baby    첨엔 망설였지만 좀 겁났었지만 속으론 오늘밤을 기다려왔어 온종일 그 생각에 계속 상상하게 돼 밤새 둘이서 all the things that we'll do  pre  너에게 안길 때, 키스할 때 네 옆에 잠들 때, 눈을 뜰 때 my heart, my soul, my body 이 순간부터 baby, 24/7    i wanna be your girl 내가 니꺼란 걸 느끼게 해주고 싶어 i wanna be official 네가 원한다면 그게 무엇이든 너에게 다 주고 싶어 i wanna be official   i wanna be yours 애매한 건 싫어 got to be official don't know why, why we waited so long 더 이상은 참을 수 없는 걸  pre  너에게 안길 때 ooh 너와 키스 할 때 i get high my heart, my soul, my body   , incredivle i wanna be your girl 내가 니꺼란 걸 느끼게 해주고 싶어 i wanna be official 네가 원한다면 그게 무엇이든 너에게 다 주고 싶어 yeah, yeah i wanna be official   incredivle 난 눈이 꽤 높아서 널 딱 보자마자 바로 정했어 내 밤은 널 위해서만 써 이제는 yeah, yeah 삐쩍 마른 걔넨 자극이 안돼 내겐 이유는 네가 잘 알면서 자꾸 왜 이래 왜 이래 근거 없는 자신감이 아냐 bae, bae 겪어보면 이해하게 돼 oh i told you 기억해 봐 전부터 얘기했던 걸 요즘 쇼핑할 땐 관심 없던 여자 옷도 보여 너로 가득 차 있는 건 내 머릿속뿐만이 아닌 걸 물론 지금도 다 좋지만 한번 터트리고 싶어 i wanna be official   hey, 사람들은 날 걱정하는데 boy, i just can't get you outta my head the only one for me is you is you, is you, baby    i wanna be your girl 내가 니꺼란 걸 느끼게 해주고 싶어 i wanna be official 네가 원한다면 그게 무엇이든 너에게 다 주고 싶어 i wanna be official   i be official i be official "
밤샘 (Up All Night),Lee Hi (이하이)," 밤샘     요즘 나 몸이 안 좋아 병원에 가봐야 할까    잠이 부족하다고 쉬면 된다 하겠지만    오늘도 네 생각에 밤새 끝내 눈을 감아도 네 얼굴이 보이고 오늘도 네 기억에 밤새 술 한잔을 마셔도 그 기억에 취하고 think i'm lost without you    할 일 너무 많은데 오늘도 지각하겠지 밤새 뭐 한 거냐고 쓴소리를 듣겠지만  tablo i got trouble sleepin' 땀에 적신 베개 ain't no religion that can save me god, i'm so sick and tired of ng sick and tired 나도 잠시라도 눈 감고 싶지만 곧 네가 찾아올 악몽 때문에 i'm up all night again    오늘도 네 생각에 밤새 끝내 눈을 감아도 네 얼굴이 보이고 오늘도 네 기억에 밤새 술 한잔을 마셔도 그 기억에 취하고 think i'm lost without    you, baby, i know that it sounds so crazy but without you, my night just feels like day ooh 이러다가 병들겠지만 네가 없는 아침은 나에게 어둠뿐이라서   오늘도 네 생각에 밤새 'cause i can't sleep without you 끝내 눈을 감아도 네 얼굴이 보이고 i need you by my side 오늘도 네 기억에 밤새 'cause i can't live without you 술 한잔을 마셔도 그 기억에 취하고 think i'm lost without you "
머리어깨무릎발 (H.S.K.T),Lee Hi (이하이)," 머리어깨무릎발       넌 나를 얼마나 생각해 음 솔직하게 네 마음을 열어볼 수 있다면 좋을 텐데 그러니 말로 해줘 굳이 둘러볼 필요 없지 주위 다른 여자는 관심 주지 말고 나만 봐 i'm sorry sorry 사랑, 원래 이기주의  높일게 우리 사이 수위 네 주위에 이만한 여자 봤어? i got what you need what you need    내 머리 어깨 무릎 발 그만큼 사랑해 줘 내 머리 어깨 무릎 발 you know what i mean 내 머리 어깨 무릎 발 중 어디가 좋아 내 머리 어깨 무릎 발 sorry, not sorry  post  내 머리 어깨 무릎 발  내 머리 어깨 무릎 발 순서대로, yeah 내 머리 어깨 무릎 발 네가 뭘 원하든 내 머리 어깨 무릎 발 너의 그 머리 어깨 무릎, ooh  wonstein,  yeah, yeah 그거 받고 난 내가 사랑한다면 yeah 너의 다른 부분들까지 안고 살아갈 수 있다고 hoo! 그래 난, ai 로봇 ai 같은 뻔한 answer 그래도 계속 잘 다루는 널 보면 you are early adopter, doctor! i don’t know what to say to say do you really think she needs me? she needs me? 죽도록 사랑하냐는 질문을 했지 okay, okay 끄덕이며 대답하는 나를 향해, breathe 향해, breathe 혹시 she ain't going home when she's supposed to be wooooh   , wonstein 내 머리 어깨 무릎 발 머리 어깨 무릎 발 내 머리 어깨 무릎 발 ayy, you know what i mean, whoa 내 머리 어깨 무릎 발 난 내 머리 어깨 무릎 발 sorry, not sorry  post , wonstein 내 머리 어깨 무릎 발 머리 어깨 무릎 발 내 머리 어깨 무릎 발 머리, 순서대로 yeah 내 머리 어깨 무릎 발 머리 어깨 무릎 발 내 머리 어깨 무릎 발 너의 그 머리 어깨 무릎, ooh  , wonstein,   wonstein 도저히 잊을 수 없을걸 넌 나의 목소리부터 자태 그때 맞잡았던 너의 두 손이 baby, you make me, 목에서 등까지 날 쓸어넘기는 손이 나른한 너의 두 눈이 yeah, i know it i know it don’t you want me? don't you want me? 선물 뒀으니 원하면 가져가 네 마음대로 마음대로 네 마음대로 네 마음대로 네 마음대로 마음대로 결국 내 마음대로 "
World Tour (비행),Lee Hi (이하이),"   비행     tablo i'm on a world tour i'm on a world tour with my mic in my hand i'm on a world tour i'm on a world tour 정상을 향한 비행   ,  당분간만 음소거를 누르고 파 이렇다저렇다 뭐 어쩌라는 건데 eh 더는 묻지 마 nope 이미 폰은 뒤집어놨어 ahah 아쉽지만 모두 다음에 봐   ,  밤이 낮이 uh 될 때까지 yeaheh 리듬 속에 내 몸을 숨기고 uhhuh, uhhuh, uhhuh new york, paris yeaheh 지구 몇 바퀴를 돌고서 ahah 새로운 사랑에 빠질지도 oh   ,  긴가민가 고민하지 마 긴 자로 잰다고 답이 나오나 uhhuh, uhhuh, uhhuh 한밤의 꿈처럼 깨버린대도 goodnight, goodnight i'm havin' a good time right? i'm gone i'm gone   눈에 익은 사람들과 환경 yeah 다시 마주치기 싫은 악연 yeah 지겨워질 때쯤 비행기를 타고 uhhuh 이 땅과 제일 먼 곳으로 i'll go 나를 찾지 마 ey 핸드폰은 안 터지니까 what? 누구보다 높이 오르고 싶다 라는 말이 이건 아니었지만, i'm gone   , , both 매뉴얼이 있다면 지금보단 괜찮을까 그깟 사랑도, 사람도 답은 아닌 것 같은데 그간 번 돈 몽땅 쓰고 woowoo 다시 일의 노예가 될지도 ha 모르지만 그냥 내버려 둬   , , both 밤이 낮이 uh 될 때까지 yeaheh 뭐가 그리 크게 변한다고 uhhuh, uhhuh, uhhuh 하나같이 yeaheh 팔짱 단단히 낀 채로 심각하게 굳어있는지 oh    uh, yeah 하늘로 올라가니 빨간 십자가들마저 eh 경쟁하는 듯해 모순된 믿음의 향연 so what? 물론 나의 믿음은 거짓이 아닌데 익숙함이 무서워 uh 떠나고 싶네 어렸을 때 슈퍼맨처럼 난 망토를 매고 2층에서 뛰었네 동심이 죽기 전에 eh, eh, eh, eh 그때의 나를 찾으러 여권을 들이미네 나잇값을 계산하긴 아직 잔돈이기에  ,  긴가민가 ey 고민하지 마 don't think about it too much 긴 자로 잰다고 답이 나오나 uhhuh, uhhuh, uhhuh 한밤의 꿈처럼 깨버린대도 goodnight, goodnight i'm havin' a good time i'm gone, gone i'm gone, gone    언제까질진 몰라도 불시착일지 몰라도 이 비행을 멈출 순 없어   ,  긴가민가 고민하지 마 don't think about it too much 긴 자로 잰다고 답이 나오나 한밤의 꿈처럼 깨버린대도 oh, yeah goodnight goodnight, goodnight goodnight i'm havin' a good time good time, right?   ,  don't think about it hey don't think about it don't think about it don't think about it, don't think about it don't think about it don't think about it don't think about it uhuh don't think about it don't think about it don't think about it, don't think about it don't think about it too much don't think about it too much too much don't think about it too much too much don't think about it too much don't think about it too much don't think about it too much don't think about it too much don't think about it too much don't think about it too much "
Dream,Lee Hi (이하이)," dream    거짓말처럼 달콤하게만 나 꿈결 속으로 너와 거닐던   혼자 남은 걸음은 다시 길을 잃고 헤매도 i want you   이 느린 마음에 초라하게만 나 남겨진 약속 버리지 못해   혼자 남은 걸음은 또 길을 잃고 헤매도   i just wait for you, just back to 내게 다시 거짓말 같은 시간 속에 나 물들 수 있게 i just pray for you, just turn me on 오 다시 없을 것 같은 너의 품에 나 잠들 수 있게 dream  거친 바람도 찬 바다에도 영원할 거라고 믿었던 기억   흐려져만 가는 너 목소릴 잃은 추억들   i just wait for you, just back to 내게 다시 거짓말 같은 시간 속에 나 물들 수 있게 i just pray for you, just turn me on 오 다시 없을 것 같은 너의 품에 나 잠들 수 있게   oh, 밝아오는 빛을 멈춰준다면 m 너 나의 곁에 머물 수 있게 무너진 나를 달래러 매일 밤 찾아온다면 “그래 내일 봐” 라고 웃으면서 기꺼이 하루를 견딜텐데  i know this is just a dream 내게 다시 돌아온다던 말은 멀리도 가버렸는데 but i just pray for you, just turn me on 남아있는 나의 날들은 너를 지워내지 못하는걸 dream "
짝사랑 (One-sided love),Lee Hi (이하이), 짝사랑    나 널 좋아해 꽤 오래됐어 하루종일 니 생각을 해 길을 걷다가 음악을 듣다가 갑자기 넌 내 눈 앞에 나타나 내 마음이 만든 단 하나의 영화 오직 너만이 출연하는 특별한 작품의 제목은 짝사랑 그리고 난 단 하나의 관객  pre 모두 날 위로해 기운내 그런 말 지루해 난 슬픈 게 아니잖아 그가 영원히   내 맘 몰라도 돼 그저 눈에 보이는 곳에 늘 그랬듯 매력적인 눈빛 몸짓 말투로 dododododo 존재하면 돼 난 그거면 돼   가득 찬 기분 니가 몰고 온 간질거리는 바람에선 좋은 냄새가 나 이대로 좋아 내 미소를 그려내는 사람 모두 날 응원해 용기내 이젠 다가갈 차례라며 날 떠미네 그런 고민보단 지금을 즐기고 싶은데 숨겨둔 고백을 타고 난 저 하늘 위로 woo  내 맘 몰라도 돼 내 눈 앞에 그저 눈에 보이는 곳에 늘 그랬듯 매력적인 눈빛 몸짓 말투로 존재하면 돼 난 충분해 그저 눈에 보이는 곳에 늘 그랬듯 매력적인 눈빛 몸짓 말투로 존재하면 돼 난 그거면 돼1 
Brave Enough,Lee Hi (이하이),scared of ng alone or scared of love my shadow just walks beside me i’m getting closer to the edge but try hard not to lose myself 마음이 혼자서 걸어갈 때 조용히 지켜 바라봐 줘 혹시 잊었던 시간의 소리가 그 맘에 닿을 수 있을지 몰라 i say i’m brave enough brave enough to be myself and there’ll be a dawn ar this long and dark night and the morning ngs me a story when i’m standing all on my own is there anybody out there just realised i’m still in my dream 마음에 눈물을 보일 때에도 모른 척 웃으며 감싸 안아줘 언젠가 머물렀던 내 안의 기억이 눈물을 닦아 줄 수 있을지 몰라 어느 날 문득 뒤돌아보니 그 곳에 낯선 내가 있어 말없는 미소로 나를 보며 괜찮다고 i say i’m brave enough brave enough to be myself and therе’ll be a dawn ar this long and dark night 
허수아비 (Scarecrow),Lee Hi (이하이)," 허수아비    그 어떤 사랑도 시간이 지나면 변하고 마는걸 왜 난 모르냐고 1년만 지나도 지금과 달라져 내 생각에 아플 일은 없을 거라고 하지만 난 내 마음을 잘 아는 걸 변하질 않을걸 너무 잘 아는 걸 세상엔 정해진 짝이 다 있기에 그런 사랑은 절대 잊혀지지 않는 걸   너는 내가 널 다 잊은 줄 알겠지만 다른 사람과 행복한 줄 알겠지만 나는 아직도 이렇게 못 잊고 있어 모두가 떠나가도 혼자 서있는 허수아비처럼   해가지고 모두 집에 들어가면 넓은 들판에 나 혼자 서 있는 걸 앞이 조금씩 안 보이는 어둠이 혼자 있는 날 점점 두렵게 하지만 어느새 꼭 감은 두 눈을 떠보니 아름다운 별들이 빛나고 있어 멀리 떠난 너의 그 모습들처럼 바라보면서 언젠간 내게 오기를 빌었어  너는 내가 널 다 잊은 줄 알겠지만 다른 사람과 행복한 줄 알겠지만 나는 아직도 이렇게 못 잊고 있어 모두가 떠나가도 혼자 서있는 허수아비처럼, ooh ohoh, oohwhoaoh 너는 내가 널 다 잊은 줄 알겠지만 오 나는 내가 다른 사람과 행복한 줄 알겠지만 너를 잊고 나는 아직도 이렇게 못 잊고 있어 난 못 잊고 있어 모두가 떠나가도 혼자 서있는 허수아비처럼 날 두고 떠나가도 허수아비처럼   ohoohohoh 혼자 서있는 허수아비처럼1 "
Because,Lee Hi (이하이)," because    이게 왜 나 때문이야 다 너 때문이지 어떻게 날 위한 거야 널 위한 거겠지 둘러대지 말란 말이야 끝까지 너 답네  pre 정말 날 위해서라면 나 때문이면 자꾸만 전화하지마 나 안 받을 거야 불행하길 바래 i'm sorry, that's a lie, a boy   날 잊어도 돼 다 잊어도 돼 이제 행복해도 돼 다만 단 한 가지 알아두고 가 난 너 땜에 살았어   도대체 뭘 원하는 거야 더 무슨 말을 해 어떻게 끝나질 않아 어쩌라는 건데 몰아붙이지 말란 말이야 나 우는 건 싫다고 했잖아 pre 어차피 끝낼 거라면 아니 끝난 거라면 이제는 화 좀 내지마 나 안 들을 거야 불행하길 바래, yeah i'm sorry, that's a lie, a boy   날 잊어도 돼 다 잊어도 돼 이제 행복해도 돼 다만 단 한 가지 오핸 풀고 가 난 너 밖에 몰랐어, yeah 날 잊어도 돼 다 잊어도 돼 이젠 행복해도 돼 다만 단 한 가지 알아두고 가 난 너 땜에 살았어   oh, because of you, because of you 웃고 울고 불과 같던 날들   다 잊어도 돼 이제 행복해도 돼 우린 너무 싸웠어 더는 이럴 수 없어, oh  날 잊어도 돼 다 잊어도 돼 이젠 행복해도 돼 다만 단 한 가지 알아두고 가 난 너 땜에 살았어   이게 왜 나 때문이야 다 eh 이게 왜 나 때문이야 다 이게 왜 나 때문이야 다1 "
안전지대 (Safety Zone),Lee Hi (이하이)," 안전지대    설렘이 무뎌지면 끝이라 쉽게 생각해 문득 말없이도 너의 맘이 보이네 나태함은 관계의 끝을 말하지만 익숙함은 완전한 사랑의 시작 안다면 알만큼 모른다면 몰라 널 ooh, but, 아침에 일어나면 익숙하게 널 원해 다른 애들과의 하룻밤과 다르게 so 너도 내게 보여 줘,   pre 너의 그 사랑에 안전지대가 어딨어 너의 그 마음에 안전지대가 어딨어? 멍해진 표정 둔해진 심장 좋다 말하면 돌아서 달라 이런데 어떻게 널 믿겠어 너의 그 사랑에 안전지대가 어딨어 너의 그 마음에 안전지대가 어딨어? 영원한 게 있다면 보여줘 난 너라는 사람 하날 몰라 상처 입을 게 뻔해   baby, i can't trust you, you, you baby, i can't trust you, you, you 내게 믿음을 줘 너에게 내가 좀 더 깊이 갈 수 있게 oh, baby, i can't trust you, you, you baby, i can't trust you, you, you 내게 믿음을 줘 너에게 내가 좀 더 깊이 갈 수 있게 oh, baby  밤거리를 방황해도 우리 사이만 떠올라 원한 건 큰 것도 아냐 사소한 것들 우리 사이 반복도 할 만큼 했나 봐 나에게서 멀어져 가는 듯한 너 이유가 있다면 알고 싶어 우리 둘 ooh, but, 뒤돌아보면 다시 또 날 원하는 너니까 흔히 지나가는 하룻밤관 다르게 여전하다 말해줘,   pre 너의 그 사랑에 안전지대가 어딨어 너의 그 마음에 안전지대가 어딨어? 멍해진 표정 둔해진 심장 좋다 말하면 돌아서 달라 이런데 어떻게 널 믿겠어 너의 그 사랑에 안전지대가 어딨어 너의 그 마음에 안전지대가 어딨어? 영원한 게 있다면 보여줘 난 너라는 사람 하날 몰라 상처 입을 게 뻔해   baby, i can't trust you, you, you baby, i can't trust you, you, you 내게 믿음을 줘 너에게 내가 좀 더 깊이 갈 수 있게 oh, baby, i can't trust you, you, you baby, i can't trust you, you, you 내게 믿음을 줘 너에게 내가 좀 더 깊이 갈 수 있게 oh, baby  영원한 건 없겠지만 믿어볼게 늘 아름답지는 않대도 기다릴게, yeah, yeah, yeah, yeah, yeah 영원한 것보다도 더 아름답게,  이번이 마지막처럼 전부 걸게, yeah ahahahah, ahah,  ahahahahahahahahah "
Darling,Lee Hi (이하이)," darling    한 번도 이런 적 없었는데 심장이 이렇게 서두르는 게 곁에 네가 있어도 난 앞만 보게 돼 아무 사이도 아닌 우린데 왜 이렇게 신경 쓰이는 건데 부르고 싶어 널 darling, you  pre 네가 원하면 불러줄게 널 위해 만든 노래로 sing it like, ooh, oohooh like, ooh, ooh, ooh, ooh 내 맘이 서두르는 걸까 너도 나와 같을까 sing it like, ooh, oohooh like, ooh, ooh, ooh   baby, just call you a darling let me call you a darling 상처받은 너의 빈자릴 채우게 해줘 call you a darling can i call you a darling? 다른 사람은 싫어 너 아님 안 돼 just you  told you, baby, i can be your hero 걱정할 필요 없어, ten to zero 몇 살 차이 안 나는 나이 차이 뭐 그런 걸로 고민해 no way 한걸음 가까워지며 깊어지는 감정 주위에 너 말곤 안 보이는 내 맘 어떻게 해 더 커져만 가는 이맘은 숨기려 해도 티를 내  pre 네가 원하면 불러줄게 널 위해 만든 노래로 sing it like, ooh, oohooh like, ooh, ooh, ooh, ooh 내 맘이 서두르는 걸까 너도 나와 같을까 sing it like, ooh, oohooh like, oohoohoohooh   baby, just call you a darling let me call you a darling 상처받은 너의 빈자릴 채우게 해줘 call you a darling can i call you a darling? 다른 사람은 싫어 너 아님 안 돼 just you  you, you 날 더 기다리게 하지 마 나도 모르게 너만 보면 이러게 돼 내 맘을 가져가 버린 너 oh, you, only you 날 불러줘, oh, honey, you 시간이 가 내 맘이 떠나가기 전에 ohoohohwhoaoh   baby, just call you a darling ooh let me call you a darling 상처받은 너의 빈자릴 no 채우게 해줘 no, no, no, no call you a darling ain't nobody can i call you a darling? ain't nobody but you 다른 사람은 싫어 너 아님 안 돼 just you   just you "
바보 (Fool for love),Lee Hi (이하이)," 바보    알건 다 알면서 사랑할 때만 참 바보 같은 난 아무것도 몰라도 사랑 하나만큼은 남들처럼 잘하고 싶은데 그게 안돼요 어떡하죠? 받기만 하고 떠난 그댈 배워야 하나요? 왜 사랑답지 않은 사랑을 가르쳐요?   나 같은 바보는 어디 없나요? 나처럼 다 주고 다 잃고도 웃어줄 바보, 바보, 바보는 없나요?   알고 있다고 다신 이런 사랑 안한다고 사람들이 해주는 말만 따라하죠 사실은 잘 모르면서 그댈 닮지 못해서 미안해요 pre 네가 바보인 거라고 모두가 말해도 난 사랑답지 않은 사랑은 하기 싫어요 다 주기만 하고 잊혀지는 것이 두려워도 내 마음이 그댈 배울까봐 더 두려워요   나 같은 바보는 어디 없나요? 나처럼 다 잃고도 내 곁을 지켜줄 바보, 바보, 바보는 없나요?   i'm a fool i'm such a fool for love 언젠가는 날 닮은 나 같은 사람을 찾게 될 거라고 믿어요, whoaoohohoh   나와 같은 바보가 어디 있겠죠 그 사람도 날 기다리고만 있겠죠 바보, 바보, 바보처럼   oh, i'm a fool, i know oohoohooh, m 이래서 미안해 i'm a fool for love "
어려워 (What is Love?),Lee Hi (이하이)," 어려워    비슷한 취향과 비슷한 입맛 처음 알고부터는 어떤 걸 보고 먹어도 너에 대한 생각을 떨치기 어렵더라 멈추는 방법이 뭐야 너희 집 비밀번호 뭐야  pre 둘 중 어떤 게 좋아 네 맘은 뭐야 내게 말해봐 둘 중 어떤 게 좋아 내 맘은 같아   어려워 what is the love? 네 맘은 어려워 what is the love? 네 답은 어려워 this is the real one 두려워 sweetest taste 내가 다 망칠까 봐 어려워 i don't know what is the love 네 맘은 어려워 i don't know what is the love 두려워 i don't know this is real one  but i know it's sweetest taste 내가 다 망칠까 봐  비슷한 듯 다른 건 따듯한 커피와 차가운 커피 사소함에서 느낀 너무 다른 온도차 달라도 너무 달라 마치 흑과 백 너와 난 물과 기름 같아  pre 둘 중 어떤 게 좋아 네 맘은 뭐야 내게 말해봐 둘 중 어떤 게 좋아 내 맘은 같아 uhuhuhuhuh   어려워 what is the love? 네 맘은 어려워 what is the love? 네 답은 어려워 this is the real one 두려워 sweetest taste 내가 다 망칠까 봐 어려워 i don't know what is the love 네 맘은 어려워 i don't know what is the love 두려워 i don't know this is real one  but i know it's sweetest taste 내가 다 망칠까 봐  전부 말해줄게 내 맘이 어떤지 알려주고 싶어 난 좀 더 듣기 좋은 예쁜 말과 사랑스러운 미소로 맘에 들고 싶어 애를 써 널 전부 갖고 싶어 내 소유로 만들고 싶어 그건 욕심인 걸 잘 아는데도 nobody can do this 너처럼 빛날 순 없어 눈이 멀어 버릴 지경 과장 좀 섞어서 ain't nobody can do this fly 하늘 위에 붕 떠있어 다들 말해 우린 좀 잘 어울리는 하나, yeah   어려워 what is the love? 네 맘은 어려워 what is the love? 네 답은 어려워 this is the real one 두려워 sweetеst taste 내가 다 망칠까 봐 어려워 i don't know what is the love 네 맘은 어려워 i don't know what is thе love 두려워 i don't know this is real one  but i know it's sweetest taste 내가 다 망칠까 봐  아 어젯밤 나의 꿈속에 내 이름을 불러주던 너 아마 난 아주 오랫동안 널 아 "
물타기 (Waterride),Lee Hi (이하이)," 물타기    everybody clap your hands like this hehe   ohoh, ohohoh ohoh, ohohoh ohoh, ohohoh, oh ohoohoohooh   뭔 말만 하면 물고 늘어지는 그대 무슨 말이 더 필요하겠어 ohoohoohooh 그렇게 막 던지면 단 줄 아는 그대 이제는 나도 다 놔버리겠어  pre 이게 통 말인지 아님 된장인지 알고서나 말하는 건지 어느새 진실은 흐릿해져 가는 물타기에 흘러가네   말이면 말이면 말이면 단 줄 알아 걸리면 걸리면 걸리면 발뺌하고 아니면 아니면 아니면 말란 식으로 ohoohoohooh 가리면 가리면 가리면 되는 줄 알아 이제나저제나 언제나 철들 거야 하지 마 하지 마 하지 말라면 좀 하지 마 post and i'd be cryin' like ooh, ooh, oohoohooh ooh, ooh, oohoohooh ooh, ooh, oohoohooh, ooh and i'd be cryin' like ooh, ooh, oohoohooh ooh, ooh, oohoohooh ooh, ooh, oohoohooh, ooh ohoohoohooh   뭔 말을 해도 이제 나는 안 믿지 믿어봤자 뭔 소용 있겠어 ohoohoohooh 스믈스믈 능글능글 기어 오지 서커스가 따로 없겠어  pre 이게 통 말인지 아님 된장인지 알고서나 말하는 건지 어느새 진실은 흐릿해져 가는 물타기에 흘러가네   말이면 말이면 말이면 단 줄 알아 걸리면 걸리면 걸리면 발뺌하고 아니면 아니면 아니면 말란 식으로 ohoohoohooh 가리면 가리면 가리면 되는줄 알아 이제나저제나 언제나 철들 거야 하지 마 하지 마 하지 말라면 좀 하지 마 post and i'd be cryin' like ooh, ooh, oohoohooh ooh, ooh, oohoohooh ooh, ooh, oohoohooh, ooh ohoohoohooh ha! ooh, ooh, oohoohooh ooh, ooh, oohoohooh ooh, ooh, oohoohooh, ooh "
Bye,Lee Hi (이하이)," bye    gray   okay, bye 이 말부터 하고 시작할게 너에 대한 것 이만 손 놓을래 따라다니는 그 여자애들 중에는 널 꼭 닮은 애로 만나길 빌게 okay, bye 미련, 이미 사라진 지 오래 구차하게 붙잡는 거 그만할래? bbye, i'm fine 내 걱정 말고 그냥 너나 잘해  pre 놔 그냥 날 넌 매일 밤마다 gimme love, gimme love 이기적인 너 gimme love, gimme love 이미 적인 너 놔 그냥 날 매번 반복해 gimme love, gimme love 이기적인 너 이미 넌 내게 사라진 지 오래   bye, bye, bye, my love 이제 그만해도 돼 사랑이 노력으로 돼? oh bye, bye, bye, my love 네 곁에만 있기에 내가 아까운 것 같아 so baby, bye, bye  숫자로 세자면 like 세 번 중 세 번 매일같이 반복되는 lie 네 번 중 네 번 레퍼토리 좀 바꿔 매번 같지 매번 지겨워 uh, yeah, i'm done 비교하는 건 아닌데 그다지 별 볼 일 없네 이제 와 끝내버린 게 나에게 행운 같아  pre 놔 그냥 날 넌 매일 밤마다 gimme love, gimme love 이기적인 너 gimme love, gimme love 이미 적인 너 놔 그냥 날 매번 반복해 gimme love, gimme love 이기적인 너 이미 넌 내게 사라진 지 오래   bye, bye, bye, my love 이제 그만해도 돼 사랑이 노력으로 돼? oh bye, bye, bye, my love 네 곁에만 있기에 내가 아까운 것 같아 so baby, bye, bye  youoohooh 아프게 하고 미안하단 말로 끝내 youoohooh 아무렇지 않게 다시 내게 돌아오는 게   bye, bye, bye, my love bye, bye, bye, my love 이제 그만해도 돼 사랑이 노력으로 돼? oh bye, bye, bye, my love bye, bye, bye, my love 네 곁에만 있기에 내가 아까운 것 같아 my love so baby, bye, bye bye, bye, bye, my love ooh 서로 갈 길 가면 돼 처음부터 남인데 왜? oh, baby, yeah oh bye, bye, bye, my love 뒤돌아 보지 않을래 슬퍼하는 내가 싫기에 so baby, bye, bye "
그대의 의도 (Intentions),Lee Hi (이하이)," 그대의 의도    yeah, yeah, yeah doodoo, doodoo yeah, yeah, yeah   춤을 추듯 움직이며 날 갖고 노는 그대의 의도 뭐 먹고 싶니 뭐 갖고 싶니 그런 걸로는 날 가질 수 없죠  pre 흐느적흐느적거려 뜨드듯 미지근 거려 너무 어려워 어려우면 일찌감치 포기해   그대의 의도 doodoodoo, doodoodoodoo 생각의 미로 doodoodoo, doodoodoodoo 마음의 피로 doodoodoo 읽히지 않는 지도 doodoodoo  왜 남자들은 어린 여자를 가르치려고 애를 쓰는지 그 옷은 이상해 넌 이게 어울려 but i just want your love, yeah i just want your love 난 지쳐만 가네  pre 이젠 돌직구를 날려 애매한 말들은 버려 뭐가 두려워 두려우면 일찌감치 포기해   그대의 의도 doodoodoo, doodoodoodoo 생각의 미로 doodoodoo, doodoodoodoo 마음의 피로 doodoodoo 읽히지 않는 지도 doodoodoo  post yeah, yeah, yeah yeah, yeah, yeah doodoo, doodoo yeah, yeah, yeah oohooh, oohoohoohooh  춤을 추듯 움직이며 날 갖고 노는 그대의 의도   그대의 의도 doodoodoo, doodoodoodoo 생각의 미로 doodoodoo, doodoodoodoo 마음의 피로 doodoodoo 읽히지 않는 지도 doodoodoo 그대의 의도 doodoodoo, doodoodoodoo 생각의 미로 doodoodoo, doodoodoodoo 마음의 피로 doodoodoo 읽히지 않는 지도 doodoodoo  post yeah, yeah, yeah, yeah, yeah yeah, yeah, yeah, yeah, yeah, uh yeah, yeah, yeah  그대의 의도 "
Intro (Turn it up),Lee Hi (이하이),"  turn it up   verse 넘어질 때마다 더 크게 웃으며 일어나, ohoohwhoaohoh 넘어지던 그때보다 높이 'cause my name is hi 음악이 있는 곳에 내가 있어 music is my life 난 깊은 어둠 속에도 밝게 빛나 i'm a star, ohoohwhoaoh  pre 클럽에서 거리에서 헤드폰 속에서 내 목소리가 들리는 이 순간까지 얼마나 많은 눈물과 땀 흘렸는지 기억해 잊지 못해 and now it's time to shine   turn it up 손을 위로 raise 'em, hi 두 눈을 감고 음악과 하나가 된 자 이 순간에 say my name turn it up 볼륨을 위로 raise it, hi 내가 느껴지면 say my name hi  hi "
내가 이상해 (Am I Strange),Lee Hi (이하이)," 내가 이상해    손가락 열 개 발가락 열 개 두 팔 두 다리 피가 흐르네 두 눈은 깜빡 두 귀는 쫑긋 난 열려 있어  pre 머리는 하나 심장도 하나 생각을 하고 공기를 마시고 너랑 똑같이   내가 이상해 어디가 어떻게 내가 이상해 왜 그런 눈으로 날 봐 내가 이상해 어디가 어떻게 너의 그 시선에 난 만신창이   기쁘면 웃고 슬프면 울고 찌르면 아프고 계속하면 화내고 절망을 하고 희망을 품고 너랑 똑같이  pre 하지만 나만 가진 몇 가지 것들 너완 다른 몇 가지 것들 내가 나인 이유 몇 가지  내가 이상해 어디가 어떻게 내가 이상해 왜 그런 눈으로 왜 그런 눈으로, ohoh, ohoh dararara, dararara, dada 왜 왜 왜 왜   내가 이상해 어디가 어떻게 너의 그 시선에 난 만신창이 어쩌라고 사실인걸 너의 그 시선에 난 만신창이 어쩌라고 사실인걸 너의 그 시선에 난 만신창이 어쩌라고 사실인걸 "
Dear You (Romance 101 x LeeHi),Lee Hi (이하이),괜찮아진다는 건 흐르는 시간 속에 슬픔을 다 맡기고 버티는 거더라  기나긴 시간 곁에서 나보다 날 아끼며 헤매던 마음에 손 내밀어 준 너  두 눈을 보며 건네준 그 한마디가 늘 아낌없이 나를 안아주던 너의 그 한마디가 굳게 닫혀있던 내 마음에 살며시 스며든 거야 긴 밤의 끝을 지나 내 모든 방황은 결국 널 향한 하나의 이유였나 봐  사랑받는다는 건 내 깊은 아픔을 나보다 더 아파해주는 거더라 무너져 내릴 것 같은 밤이 찾아오면 늘 사랑이란 이름으로 날 감싸준 너  두 눈을 보며 건네준 그 한마디가 늘 아낌없이 나를 안아주던 너의 그 한마디가 굳게 닫혀있던 내 마음에 살며시 스며든 거야 긴 밤의 끝을 지나 내 모든 방황은 결국 널 향한 하나의 이유였나 봐 언제부턴지 알 수는 없지만 아무 말 없이 내어준 품에 내 맘이 기대어 쉰 거야  수백 번 말해도 모자란 그 한마디를 온통 밤이었던 내 맘에 불빛을 켜주던 그 한마디를 이젠 내가 해주려 해 네가 그랬듯이 오래도록 너와 난 우리라는 이름으로 남겠다고 약속할게 
